Sample ID,Soil Salinity (EC),Soil pH,Organic Matter Content (%),Soil Moisture (%),Nitrogen (mg/kg),Phosphorus (mg/kg),Potassium (mg/kg),Sand (%),Silt (%),Clay (%),Microbial Activity (CFU/g),CEC (meq/100g),SAR,Erosion Risk,Optimal Biofertilizer Formulation
1,2.5,6.8,3.2,25.0,15.0,10.0,200.0,40.0,30.0,30.0,5000000.0,12.0,5.0,Low,Formulation A
2,1.8,7.2,2.8,30.0,20.0,15.0,250.0,50.0,25.0,25.0,2000000.0,10.0,3.0,Medium,Formulation B
3,3.0,6.5,4.0,20.0,10.0,8.0,180.0,35.0,35.0,30.0,1200000.0,15.0,7.0,High,Formulation C
4,2.0,7.0,3.5,28.0,18.0,12.0,320.0,45.0,30.0,25.0,1800000.0,11.0,4.0,Low,Formulation D
5,2.8,6.9,3.0,22.0,14.0,9.0,190.0,38.0,32.0,30.0,14000000.0,13.0,6.0,Medium,Formultaion E
6,2.5432303520715824,6.9012718670529205,3.0985776047117914,27.00892311798718,16.6453255754763,11.958619162151672,197.1372244059716,36.3916083634802,26.71093867031941,26.441345647949348,9294251.779407658,14.799961859045736,5.527357626408731,Medium,Formulation B
7,2.119585668237689,7.128951410594507,3.6024978827149434,22.61360996267792,14.039310520290954,13.944863018648531,309.87466157737924,41.14151581242624,32.15684285816264,26.4136935289432,8915651.680676928,14.204196970995396,4.004103967281923,Low,Formulation C
8,2.601802549050431,6.752663144148998,3.204572051654174,29.59259821010672,11.941915143714546,13.451956998943253,189.38379976727097,45.36247170484991,28.642995506238105,25.075025988126065,2474080.8107919777,11.068794163147546,3.5538947654449484,Low,Formulation A
9,2.850542586037036,7.060721428046472,3.835241591931502,27.20960797229941,16.90674511628353,9.941683377173543,299.61656354125057,43.09663867867784,26.855524758863258,29.49171653096182,4939609.614703095,11.104426031287954,6.229131551929649,Low,Formulation C
10,2.932894662099938,6.6444489550417405,3.964334607586944,20.95869381278985,17.48344993414024,13.705910519351931,296.51377856562794,43.5243972076596,31.27111524426565,26.263656871970788,3988601.442356067,13.537002105306197,6.153986967085165,High,Formulation B
11,2.472645567070804,6.681510330430874,2.9517219717296896,22.21756780470612,12.576717165777872,12.418016426770524,307.8977045111445,45.52066626202674,31.009302536851013,27.72066770911004,9912824.227148414,12.553388827477336,4.36266008269971,High,Formulation D
12,1.8941595425785145,6.966730018784882,2.9036135952119,22.506863973768265,18.967188246270773,13.91937863838847,263.27454686134104,42.282310965234046,33.447622049059866,26.292346645034858,13183532.7566108,11.106444294659404,6.964515120709672,High,Formulation D
13,2.812807510277497,6.695987617350002,3.156717245020505,29.36744363039549,14.698260599022523,9.700878515307956,319.9945916690032,35.04535386511331,26.53198380900037,29.217912032381463,3294884.834251049,14.274479263155456,6.71745763753513,Medium,Formulation B
14,1.9315671843372944,6.674478188044817,3.324979596185161,25.90109526486779,16.312549619731964,12.514768088607912,276.8612929026505,41.9285635754076,33.71612736483624,29.76813668490555,3130691.489090434,11.85526194264053,4.507013938719512,Low,Formulation B
15,2.821567760062581,6.676820606907695,2.932953231236263,25.993515663704343,19.690353652126205,10.245395032852128,319.619725311431,39.50879562513149,32.8804611264948,26.79894175070288,2940946.7228615694,11.871570645942752,3.888460059087444,Medium,Formulation A
16,2.603048400550699,6.786857192763045,3.561674521332925,26.54016159938811,17.16505006218589,12.259244850901135,183.8243063542409,33.790585622724045,31.619084611309887,28.319808357695244,8583023.439368054,12.348475057827944,3.521236280198332,High,Formulation C
17,2.452243844967944,6.561336275497665,3.2717200546671257,27.971865649983204,17.82958209770604,9.63334553893932,272.17738885262713,45.13264271800312,29.263276180560823,26.84147055894236,15607680.938051704,12.99297233419546,3.9673604209458704,High,Formulation D
18,2.794482148477907,6.8252459451469605,3.170124630491338,26.01496188901073,17.49950097600484,11.63754744904719,288.1792439008668,46.53912671918913,28.292335784231906,24.43687637400748,13358830.061680228,12.50642947320956,3.640918134256623,Low,Formulation B
19,2.8996881399343954,6.214529401973387,3.4962330423867924,33.86418556094635,15.032951620403756,13.47132118332101,303.3768271675769,38.92226883070211,29.777765841262397,27.930009982555607,2915166.8200744293,10.66470095477442,4.155438736980945,Medium,Formulation A
20,2.450315822326728,6.448425735291724,3.379694254295137,26.321464397923588,17.486229123202087,14.101962104662398,311.41183692188747,42.39561357290322,32.557449586972,26.020900829655417,3651907.0278262673,11.3143287139044,5.936067607989347,High,Formulation C
21,3.0036038846590296,6.61086116630125,3.237598898547218,23.50863927441401,15.512064210138767,9.66739539343451,200.6139731240497,42.39426750328585,31.898397340850277,26.30458225439036,0.0,12.348352901608154,7.053301411335074,High,Formulation B
22,2.12162452558851,6.457007909378502,3.387457774304878,24.041866545962204,16.547569060327994,13.2609450815804,248.8892953035977,46.03595616380769,29.25881375897619,30.988081249211884,5223840.204892318,11.427303684781135,7.107058372240633,High,Formulation A
23,2.9350480915598705,6.7134919282064,3.594211534233105,30.70140348919283,11.946159850438672,12.230811918975744,193.79290983213812,39.9567319193822,31.555937450753405,29.03842134492655,2822164.099080943,10.98886402063073,5.396122943567049,High,Formulation D
24,2.310089147864592,6.834901930634035,3.1957828448936074,26.349039831286632,15.116072816908677,10.9023303386523,355.05233032268734,48.73121855162285,31.552780528968043,25.01290997417778,4774748.856890436,12.888481620921004,7.674293938879394,Medium,Formulation B
25,2.6341192098831216,6.799002008572197,4.115571400388958,33.21707233542001,17.34451914150524,10.816604884925832,306.0930431997181,42.18092549108368,33.793695904323734,27.541470677923456,14397506.457252946,13.078194430316778,4.363852032036875,Medium,Formultaion E
26,2.7454204284414447,6.584242175733968,3.2029944192694924,16.75872690055449,11.877652327758652,10.086974820824375,332.2377841960923,39.29221383700199,33.474724509757344,29.48940149733818,7306376.841017041,11.792085880484064,3.521477321354639,Low,Formulation D
27,2.475689259036996,6.719597078229636,3.5285999855935697,30.082981008817203,13.1853629485028,11.760308906087776,257.3712784036715,41.5159855374498,28.847783042981263,26.155879278398903,0.0,15.84834203520349,5.394407154372345,High,Formulation C
28,2.5668453125359654,6.743827489881327,2.960663930982091,26.32923096793118,14.970189583145029,14.629810195787313,379.7501900364142,38.30096404619708,31.55310691022904,29.433471623530487,16973065.815385703,12.15504347154372,8.073363622250683,Low,Formulation B
29,2.3419522401334585,6.707609081413236,2.9067732724298825,26.67633897869644,18.93464033353858,13.03620903667838,198.5859648456509,40.82594217293241,34.65301212765084,28.405131126084186,2075143.9676670416,13.47168598774179,3.291705987548512,Medium,Formulation B
30,2.554719972374121,6.385517219169975,3.834245929286196,18.972974588514063,14.628703610873824,13.75513837630473,206.4011209272967,39.99856113818922,34.6159364474376,28.23241323229206,9203080.62943172,9.217816851392811,5.167387109092896,Medium,Formulation B
31,3.2571460006478725,6.699257242372626,3.893768149095441,17.537798469778643,11.451466947282206,12.103204703539207,231.55143138745453,43.62599150472186,27.20260477750079,29.714229137473016,937174.9938909764,13.719061542323416,6.732078921448292,Medium,Formulation A
32,2.852868354672673,6.69528383354292,3.4613549813187654,20.499977746499034,18.082160222900058,9.41894504518659,220.3031009344719,41.86111933561317,25.954769591423293,30.52382803652867,4599837.757687485,12.210284326609294,5.281545353591574,High,Formulation B
33,2.987941471392299,7.019638281278148,2.584333242661863,18.625256106192108,20.606463417195137,13.380264839870376,283.96355874868294,41.53452954433892,27.68855408416141,28.33837119270143,9643045.26524452,10.76309276562412,4.100317322108627,Medium,Formulation B
34,2.1439274070866152,6.8947801344502215,2.383050811578685,24.31023077861185,13.491214002566576,7.937362335839323,318.6095129021744,39.804105544358606,25.80908449084028,27.871961445696613,2827824.928937903,12.154087720178955,4.596909936165401,High,Formulation B
35,2.0075901588721643,6.628840500261436,3.2941694584928194,24.495488356028694,16.170802216144832,12.867438043278144,213.1312054376479,50.88184686014951,28.466327208082905,26.524529552164555,8909732.708097678,11.451791105212184,6.439537309211003,Low,Formulation B
36,3.1211445757098737,6.771365407479918,3.811806859075988,21.538221140310707,13.893685237239591,12.672049582058298,278.2574000233388,45.12361842119884,28.560039972033348,25.161886508029585,2279246.7834371864,10.800788901540756,3.519617005854834,Medium,Formulation C
37,2.9410184628337337,6.719047516569607,4.247752924918423,21.32501088061597,10.500790277073683,12.87848051154472,285.7200510813483,35.156510110432755,30.18616769384224,31.56601183325675,7066850.862471993,10.46487462879859,5.013263162402514,High,Formulation C
38,3.1368080097974467,7.025657775581107,3.586224944464416,19.595336415616337,17.33149351446292,11.429295858940524,243.05374681816548,47.08322687509828,33.675162300575046,30.10675616100317,391963.1984611256,11.119684963290418,3.877357853425409,Medium,Formulation C
39,2.5894550973189188,6.788864722626007,2.6542661822705904,26.593220181927357,15.088424396371414,10.759963208393527,349.27175409437945,42.557328970304816,30.28081765165114,26.798033501890767,3447994.187884442,13.042987677851114,3.6547658061117474,Low,Formulation B
40,2.963830366343148,6.847359443903617,3.912824122234461,21.151696411402742,11.471789601305431,13.28160022217278,364.5836353362308,33.92103780505277,28.357808041747727,25.512239920285364,6688443.161772118,13.876694290835182,3.966398319214892,High,Formulation D
41,2.7064955950846703,6.821433130149895,3.088599944505701,25.349467486960098,19.09015285528626,11.199227045144346,318.0388272776982,44.334250373215255,30.85246978128243,27.425317884477344,6613043.152397266,11.84228811624792,5.257369416659994,High,Formulation A
42,2.606683946714372,6.835776076775895,3.866364147414145,24.43082294786578,20.44522662553013,12.97319929923064,160.47736395896158,43.16404460744317,27.570768975067374,24.84631021995349,7249312.08870023,13.99828031914284,3.1961587514316965,Medium,Formulation B
43,2.078175266851155,6.82077447375924,3.616327362642648,23.7164090982506,19.526042507018637,8.807312432307988,307.97811310487424,40.88104089171996,34.117253788894466,24.159255562725008,11916456.442174856,9.830158478057594,4.5661514421573415,High,Formulation B
44,3.230849614484965,6.78909064646055,2.867609839511408,21.88724323426525,13.165456715921303,14.023173970620793,172.68050638652733,40.58566987853089,29.35656020873489,29.7859797858254,10209389.01877344,12.363165874023265,4.8843464808246,Low,Formulation D
45,2.1721699088388537,6.74893853136115,2.918832210409119,23.77618471630428,18.9503658761282,16.548351950477382,307.9490915391779,41.13392790136481,29.383353392573103,27.327210534233632,1518542.9934020536,12.74951517819473,5.113311681656695,Low,Formulation C
46,1.953091466960997,6.561616077693281,2.953213238623924,29.749304347311835,14.528447944563457,15.218389062570449,291.36623366560616,38.28528834127543,28.05010980854154,26.164499977720972,2786544.0494471136,9.449981546350273,6.783135226959848,Medium,Formulation A
47,2.7070956682877974,6.729198495243693,2.874940614500213,28.963720637726464,13.15147138268605,11.58961410550102,348.98230860377475,39.25857908338804,29.918249201238893,26.817549693465587,1941328.3556062053,11.776479390243344,3.856918760511292,High,Formulation B
48,2.1591134699169987,7.150887634718623,3.0285232996043545,22.17517480245151,16.49727656384338,11.331449259389332,129.015345548228,38.67778269704159,30.986441235496383,29.704668309050803,2177168.048791643,12.36105846305622,5.313542002184143,High,Formulation D
49,2.2941586420474525,6.811192142308977,3.0063088134800573,26.67730925575568,16.67194692698341,10.634185183603408,178.6575986428173,42.160325428052126,28.108682801060997,27.3344652371588,2242097.520007689,11.6960942871023,5.153631453148135,Low,Formulation B
50,2.5227417672736765,6.748590669527104,2.3243206352204457,23.76258262668124,10.619877960337137,12.7587129748635,270.5186731600157,43.44737821821962,31.896657570282382,25.19490248434097,4881327.795299616,11.719904578454049,6.420136894984218,High,Formulation B
51,2.3030270109447577,6.845327991167858,3.740330456012854,23.944490877062787,11.906491644552409,9.71810960835138,217.47362226978183,35.838314944767184,31.58458162804476,31.26404388403873,1623227.0620897906,10.40577564984203,5.12926388434207,Medium,Formulation D
52,1.2650634525284914,7.118646994802958,3.0792578507855684,21.835357983069105,13.897736307251211,14.614193150131984,296.69904906450523,41.86642460166789,28.68352453725749,21.19710072631862,6921553.332114784,12.983339222602272,5.421255754435383,Medium,Formulation A
53,2.442871627175537,6.919639204415646,3.4802895742276334,30.60203676741286,16.01433033351245,10.044506158820283,220.88469265908148,39.07271612468134,27.599037545658742,26.16395430537093,3184526.667787964,13.479519113050802,7.53500719959544,High,Formulation C
54,2.7504520957950884,6.987555932508206,3.4233112467666764,27.593411036979045,20.933296357808697,7.382693834368069,243.6598689799964,40.74674319407988,34.22970158428235,25.792337143919983,10350453.785886206,14.247882614928194,5.062903768901179,High,Formulation D
55,2.9960118404834337,6.811227058719084,3.329296883512944,31.37815246414468,16.021837459057327,12.324683027872917,196.31390372656807,35.73691757568384,30.6908704070794,25.86310887895533,0.0,12.479488197484878,5.255655661276771,Medium,Formulation B
56,2.5024813060386912,6.520507858820614,3.08110133045551,23.019929223511067,15.568045956039306,14.095893294046066,350.6034265713369,40.79045302038893,31.806648057768577,27.140301858514544,6317475.765453738,13.928722484347531,4.121681298043184,Medium,Formulation B
57,2.136893181882741,6.742445240038448,2.898654999919043,24.844063088306807,16.115703334013915,13.771770294991478,170.68483265803488,46.03773722945108,26.32112509849515,28.16240375085176,8519003.715889473,15.059448219599789,5.1162953928311925,High,Formulation A
58,1.7640222944954294,6.936432264114718,3.294310992211936,24.570234848389063,17.2336425227324,12.651442783958815,313.1414854041772,48.73090305775269,30.221159227465915,26.65941162296399,9741047.66122242,11.616529189961568,7.890706706555768,Medium,Formulation C
59,2.6314483803385,6.785817087572687,3.587992089064893,26.84811189373878,17.71664216481599,14.681772741276433,159.40006098633012,47.79287177914276,29.959589891212456,27.220971793996156,1833599.229371328,12.76814139356248,5.3960288679401724,Low,Formulation C
60,2.5339331403821883,6.746830074852836,4.185280255377428,30.19003121899837,14.38796426537276,8.567526051500398,236.0204214237457,41.047871791568205,26.55894750418594,25.81407143678678,10332407.080459155,11.752464226562518,6.2776701940205415,High,Formulation B
61,1.9128394199700345,7.127789639223829,3.574578990446333,28.737402946849244,11.317287998450658,11.075147941111933,288.4064274031856,38.92072236877056,28.255843270213504,27.926617995392053,6222887.21192326,14.35879530918221,2.988295806855588,Low,Formulation A
62,2.007583174472188,6.476331725027287,3.294728985120629,27.2827985460957,16.45094456883141,15.19438593939016,227.52793712263883,40.8163755990776,29.64357547171896,27.729438864454533,3272800.391958741,14.285179036612774,4.023155726277885,Medium,Formulation B
63,2.0608989114142013,6.860549724129374,2.655477783662339,27.50546710069256,15.66364456350677,12.080356074374116,315.77702321808295,43.60012214843028,29.475748260277708,28.784142819779653,8566507.873811955,13.65726598887616,4.861221509486789,High,Formulation B
64,3.1043889733098333,6.983468398297677,4.079726126638201,27.05353330306137,19.65568931841641,13.24932722397316,238.69463481630407,40.89188579920498,28.3201034969802,24.3505180386511,6386552.066341763,14.325262599062896,3.124839596875688,High,Formulation B
65,3.32552697727432,6.615848014633792,4.072621927422305,27.70525902428206,14.740985393067316,8.862291716766048,288.77386424068925,45.42981072273872,29.795492723224136,28.763721786442492,9850198.453517778,11.426455041109886,6.6315254382783415,Medium,Formulation A
66,2.0758630381699064,6.743399415958816,3.391033444611378,21.82540049003236,19.27298813177508,13.838361996693804,134.4969365329335,44.32482475868088,28.07056134016629,30.535143186683875,8878890.890462937,11.091272530952509,5.81045573809407,High,Formulation D
67,2.6141094690677056,6.692583962506913,2.6144530015359315,28.735190120827816,17.883811298442048,10.80263456744206,357.7866445877813,46.98043133915655,28.344671380081948,24.4840115241562,5543719.106505572,10.247507814284932,4.067948406571567,Low,Formulation A
68,3.157549539735767,6.952455281175021,3.2981185231787866,25.860549993963364,18.149302850578025,12.37120214319328,213.00054540988612,46.83197928808082,29.561546844510005,27.423961984411022,13404788.877549518,13.830543771603816,4.34732803272799,Medium,Formulation D
69,3.112074309440064,6.850012700639784,3.557618956253542,20.47055766871848,15.046937957482491,10.00964886123639,286.2021880907385,39.71349463591595,25.513462216144557,29.207997272195893,628134.077886126,11.853826799962253,6.526698315416574,Low,Formultaion E
70,1.907206570181868,6.663037199196299,3.389426000898592,26.826378823229927,13.939007549526432,12.925483505933652,304.0083432576632,44.20435796232153,27.779210840568744,28.70026712065005,10718206.421327278,10.871277714268924,5.00639345186601,Low,Formulation B
71,1.697381400843161,6.765831556262492,3.989332336203418,26.67275765577341,11.968689028788516,11.395499265882313,431.6498486396007,42.157997878592376,36.71485273255078,24.58550955845256,0.0,12.819498922748105,3.863025821968224,High,Formulation C
72,2.722938950237201,7.062296382503411,3.4974314221751577,29.938924042320867,20.263315367011728,12.541129969136916,295.3222753862184,41.62970260448678,32.699871225811115,25.44097425871282,7137677.149154765,11.18126071602336,4.501464540502087,Medium,Formulation B
73,2.322646621432721,6.53410801673652,2.9540906119374277,26.29936106751551,16.175493240144935,15.446786578891622,241.1238682472897,37.19202983669756,32.44856326152011,25.829230144913595,13697435.846118117,13.678563670802776,6.458605331062033,High,Formulation B
74,1.780795763705576,7.022805593275026,3.3733287132692302,25.625814125192708,21.193670271033792,13.164581379035196,229.814332184662,40.88840871632897,22.57749055894289,23.755540707755788,4924619.230781693,10.837373146912284,4.178984753325977,High,Formulation B
75,1.6209872110455126,7.041849681249243,3.274324024780856,22.62963835719972,21.79207819314232,14.862184165213618,210.8862663287881,42.83132363717863,28.27396533036832,25.641882295622757,881926.382383341,13.35832376479552,3.684500328227781,High,Formulation D
76,2.1366143179088084,7.02827457777902,3.921868146555533,26.23739919808499,13.325370538573525,9.673885290709013,217.4708318806504,47.01261324781673,29.766741840330067,30.29439326006828,8016675.926691172,12.823966233583192,4.072931090948954,High,Formulation B
77,2.7691072462416573,6.672664108109884,3.5213920907641496,27.486102744343736,17.79013024061787,9.95317977950967,236.75470986185,46.005391331869134,31.075526130915705,28.84260400831716,0.0,10.530803659812332,4.583804685585428,High,Formulation D
78,1.5923569432510885,6.914296087222825,2.899880688953321,25.66444980460209,18.79880541717597,9.08210662728,334.2789056928693,37.67999064162012,31.803095656013515,32.39687617429187,5329062.817984901,13.23967950623215,4.53386135815982,Medium,Formulation D
79,2.192990405560398,6.901893769558339,2.722153701406224,21.85214006925093,18.5889734285282,14.814860668884409,284.68457650613203,37.87769003907052,34.93079532370571,29.553333411505548,2604130.878456413,10.529630442554597,4.391852794764636,Low,Formulation B
80,2.449901088958613,6.769481796188154,3.248371645905792,26.37180209248709,14.3164911144053,8.809215403833708,315.73101122696465,42.17578959353067,31.834498024230754,26.941239623134408,11320653.800445233,11.818470819343831,3.9667632512149273,Medium,Formulation B
81,1.9665183693375403,6.280418916745434,3.186712068968764,22.63863853277637,18.7672966271522,15.758821865579902,207.305577344454,41.3644500077682,27.52184349017597,30.59867434049277,6524296.788410176,13.074014390176083,6.522336278971642,High,Formulation A
82,2.394685196686266,6.98910031347011,3.1821905858548503,22.77078728472454,22.09442273544396,9.533678080151889,279.01474957559884,42.17191392951359,27.736060449424556,31.739228190684468,3889251.660513266,16.411780831702934,6.236959420059812,High,Formulation B
83,2.035915105677703,7.044171317370466,2.6774751751418764,19.72485864144347,16.563723075575137,14.373466872098565,267.4849161443501,36.97278692097521,26.9391610125773,27.0043041459418,0.0,13.935245578808145,4.342557353991767,Low,Formulation C
84,2.4065659672070683,6.891905965173192,3.5234718898107227,26.0829540985522,15.461954859857734,13.213767674001648,226.91052252850045,34.99025219744373,32.05710631116392,27.697487885818877,432600.96165063325,11.90817847861346,5.860176752173236,High,Formulation D
85,2.8091942672041643,6.625186853800287,3.3998951152154917,31.789671759216333,15.296222420414315,11.207420035724986,249.8774736020893,44.761671624176,33.38381766442989,28.68599368908216,4668532.463891838,12.276111409376922,4.647486660042856,Low,Formulation D
86,2.510276860741034,7.10843832071581,3.5649661005898388,24.23233088544861,16.15894000256009,9.143981009065843,260.269811165772,40.15090190420364,25.28946702008115,26.77838252738949,7844997.443555579,13.819294598102614,5.638948804505533,Medium,Formulation C
87,2.964861072263144,6.726135261798223,3.901346104167965,26.968531783093624,13.421228410009348,12.654973978691824,267.6665404645355,42.83635537005578,28.54117042967076,26.26688977287963,3962458.410071563,12.5072801246856,6.332478776712437,Medium,Formultaion E
88,3.0956582887753665,6.985233580747028,3.236490938422318,27.107201844207346,18.445958865708587,14.493568224553377,343.0680404467568,40.030905353671145,25.990791671313197,26.7657541615168,4071608.029817772,10.692123102254444,2.032669569628028,High,Formultaion E
89,1.93010107676018,7.093368460557504,3.680402111989406,25.27110307127754,16.77283138621211,12.89750806630444,244.7713429535706,44.773219941148,30.224236021557683,26.676770094740338,2982512.76544727,9.21698774365494,6.269231320917838,Low,Formultaion E
90,2.258893890306205,6.772221025791387,3.287915786247805,26.14824792927367,18.627693318948594,13.314429801924398,192.3690756059039,41.6022811431179,31.644455509667942,26.59310307878253,8150137.520765136,12.436050470210157,4.521836868066128,High,Formulation C
91,1.620459102315181,7.082581482254121,3.178576711018319,29.282556148028853,15.854480326675736,9.935967034778232,222.61045343756084,44.028425368877976,32.759316183338704,29.165993469294424,8229365.262092842,11.64069608722026,4.896547744485509,Medium,Formulation A
92,2.0572620919122317,6.834601177118973,3.3564302829493857,24.43443031917397,13.013953472490549,9.777172018754198,242.12006491945468,37.53303449572386,27.39872829848145,31.11231624821654,4427155.589119274,10.808615057282395,5.566027802804987,High,Formulation B
93,3.4858430086029517,6.554173725607341,2.969209829270598,24.349392345384608,12.861882040620696,10.064058526645637,255.74261139326364,43.8726310482524,34.22248853337357,27.39594280531156,6653999.212779447,12.686628434978706,4.253912711639921,Medium,Formulation D
94,2.0089193086418176,6.947388139246244,3.377790510620798,29.90448097910783,13.76493645989462,11.388516331282789,285.8586252243485,31.827978921578996,25.53947769838499,28.353929552582628,9795687.169740506,12.04272755877458,4.426402246761064,High,Formulation D
95,2.143562103333086,6.791823493987288,3.398554382249616,23.2654096960752,14.902094993716249,11.05796335965609,259.19387618428493,40.82525577453597,24.579721837078573,26.93660536597009,8095629.087813466,14.09247089136434,5.722595005878586,Medium,Formulation B
96,2.1288556120879667,6.922169950752631,3.4574090913899416,25.779702096585403,19.304339645667284,9.956862180208944,277.0115331882856,49.31995904456757,26.987922518507503,26.377229856643755,7192450.28950752,13.949084743638672,5.747638853871582,High,Formulation D
97,1.9655138675371235,6.880453319232158,3.300523063094831,29.43838883421731,14.515761839565585,11.139892936817336,229.65437256359564,38.6990034642399,30.10978082457539,27.4575657216017,4919699.110422001,13.492829190033293,4.002881539918018,Medium,Formulation B
98,2.497634237348158,7.1290535531853,3.4838739328034527,33.434551540688474,16.027500892696995,10.31121880512457,219.53403158083756,41.09725590453101,29.30259842376545,29.60745087871043,13224706.58861763,14.48529228951708,4.7603212654823,Low,Formulation B
99,2.2251696522031685,6.506149540469687,3.302172851421021,31.61613155832097,19.635449270046134,8.678263163851545,272.321160931226,38.624616629075646,24.05508758170068,28.261264448281157,5721963.266049675,11.02706491305168,4.678823089501831,High,Formulation C
100,2.58883245451672,6.6964500808279634,4.136042513568254,26.617006483171323,17.608128077357136,9.773907608258174,255.5227791668865,30.035731311086785,29.820213521801747,28.376439910389504,0.0,13.13351399867264,5.4913988893754455,Low,Formulation B
101,2.462917888148754,7.112567664360599,3.2953042317999035,28.785645701886946,13.95259381656456,13.99330370222801,398.51459465881607,33.10085482708317,29.53769453456937,27.89396518371285,9490686.834307784,10.6974186571474,4.623631165161434,High,Formulation B
102,3.212731362134692,6.488427460678412,4.317424985071195,18.42923665786177,17.63891335667981,10.699707086668624,249.4965466283772,35.875536954224685,29.687549132762257,30.511520448332952,8687920.025146242,10.738675380091523,4.271961640560189,Low,Formulation B
103,2.6944795568464133,6.970962607756087,3.580766575034685,22.021788054990264,12.448199672552663,11.722007239816488,207.5898422525571,39.15863202647485,29.48635781200288,25.611557001718623,7021019.059268713,14.475062559119271,5.19057752233273,Low,Formulation A
104,2.413765364059855,7.015472834928668,2.7400186591683315,24.724917409345927,17.625095373764687,11.2140198481655,132.7771539501209,44.14862809637332,34.09183207586517,26.205277483411084,4178524.8501753714,11.93246153129089,4.5907399188106615,Medium,Formulation B
105,2.134655276492567,7.042611957344051,2.7875789392073216,27.90916404694587,15.452813424433726,13.505477968644213,320.2842936806467,39.0439968385479,33.967377276633044,25.841382359244637,7487972.2999399025,11.018955547547526,7.558564145961984,High,Formulation B
106,2.3596870812691653,6.966154989897092,2.6835736699876263,24.9927325916135,12.2401307519986,14.56600350325918,190.39703455324505,36.72232678430709,36.27212792713858,26.071521096636125,10797430.924557036,12.26429524081516,4.568142190129584,Medium,Formulation B
107,2.0620095266780694,7.374978573773564,3.690214247207389,23.079339966295823,16.541966946835295,9.554382464280042,263.5331005738331,36.51593452934669,29.7946004930264,28.07440543852797,4287853.427734275,12.696638250727842,3.80124646235532,Low,Formulation D
108,2.672144347121235,7.2364331651048115,3.354931752680675,22.7500637712704,13.86722151675021,10.77476045934777,320.510831667928,49.6988717266925,26.916211229727327,30.091737325484576,6996272.308887046,10.77892598746706,3.097153010831425,Medium,Formulation C
109,1.9619271859249576,6.413231714890284,3.5084789536932823,27.544435239356456,13.00681313327781,12.036684845145148,283.0018467121089,45.37745362960268,31.22362101073322,24.791033801224216,4895142.347206788,10.79433351594892,6.806970252481968,Medium,Formulation D
110,2.9931380687486264,6.418532777897651,3.269926407724456,24.285716016076226,17.055271948632903,11.825345079762092,275.7637199228394,42.99724194777597,35.618822927129386,28.75517229784209,2032004.8092326496,14.393981061906892,5.132854341033228,Low,Formulation B
111,2.620296535225053,6.811805391353224,3.501698358779418,24.64285099164275,16.29639527750794,12.321646067903195,257.6737468013174,46.3715672584163,33.31200647628097,26.52408814688463,6797069.060194476,12.717733023559074,5.110805695170427,Medium,Formulation A
112,2.697607980317048,7.06384186708307,4.110883860505406,29.43961002389475,18.26387109475449,11.186076235616522,234.21119760218775,42.02533435822616,29.01944972840383,28.815436350303266,7903809.318207871,14.344034347973508,0.9746780073835906,Medium,Formulation A
113,1.7678275027427857,6.6114101583201945,3.1148298677500166,24.89342086536892,18.81224005753657,14.657034532058985,292.55267132160725,34.6302212160494,31.061369040662647,25.98005615803928,10259038.992727868,14.918350719092256,5.62673540285928,Medium,Formulation D
114,3.0204168883729654,6.676585573208583,3.5071457569057696,27.950666122248368,14.509503517697595,13.02672116638083,241.477198417081,42.73798238050142,24.57978777665844,27.40640421859885,5347460.241270471,15.100532876891672,6.435484067157914,Medium,Formulation C
115,2.247823824632738,6.807511508937006,4.003899191486058,29.8498719198164,16.640358690040596,10.53631142371394,294.6317082873898,36.97660339466035,24.837855701174277,26.17844267369787,0.0,11.730682932666436,5.917017880803432,Low,Formulation B
116,2.4064340198747747,7.290890060825542,3.103640711203145,18.51901247736401,20.536595994808224,13.170930763249489,276.94614804122074,38.82192817085696,29.32224720656869,28.50579659766425,0.0,12.819576045379767,5.677526094458786,Low,Formulation A
117,3.0124194287628825,6.97116963875144,2.629865945385418,25.330133188316022,19.092309404337907,13.827853016137368,237.6173681316953,44.435845486040144,27.04561982383815,27.78871460152111,4619694.758929964,12.998439684295814,6.644180415116834,Low,Formulation B
118,2.159335688664215,6.987332680088379,4.021239316134714,20.739888453196333,20.658081420318304,12.0544695272354,153.3019435646493,41.46360737499882,31.262229169219285,27.48396036111381,457854.54249920975,12.490082855761152,5.3427133066453765,Low,Formulation A
119,2.338462121877652,6.5938106600785975,3.145127943524517,23.39777115146531,19.49579238886064,12.614231855458009,225.1942183003192,36.21308511875403,27.995438617943805,28.894000224006703,7730060.679715747,13.144921371644484,5.957750092023011,Low,Formulation A
120,2.8588911606899394,6.484383718279315,3.1217500062868857,23.77270687948069,13.5388977480414,12.53857330204676,233.7720691775069,46.86372440391457,30.61991751687365,27.024081583791936,8944946.148289505,13.422993589770526,3.68350441872702,Medium,Formulation B
121,2.2792239607080256,6.6615712636048094,3.2306845037532352,23.235155824216445,15.423325760753505,15.01039700204554,283.64051166403385,40.939823640954366,30.473816622792437,31.593797675387957,3593331.36112094,13.617135337148197,5.133992810045429,Medium,Formulation D
122,2.978611187237734,6.5235149986349255,3.088568116951899,26.8835687954154,14.511055386867652,12.816027659746092,201.6184173889433,42.806892991062085,32.888865733928974,29.842130719041027,0.0,11.629557361080778,4.10821452796565,High,Formulation B
123,2.938895155340769,6.738891758974489,2.8200662538599754,26.90259372603696,21.68630641760797,10.234250027245212,178.85640331706702,43.31790693894921,30.94864214619541,25.615875152419147,4524998.011730753,13.456017014588909,4.762715038807738,High,Formulation C
124,2.1533612215712696,6.568294075239747,4.516831820769438,28.80027721851966,22.68228474819917,13.032692828807647,324.8236847084321,38.56568654001793,28.667184833199727,26.005725104626755,895352.6749289623,10.475533003364523,6.416044501484199,Medium,Formulation C
125,2.424126690757215,6.9544281926881615,3.0620301722343237,25.60706546946733,18.79649281876418,9.469299675430287,209.89988603005443,38.33612662614394,29.38096754786239,25.49157367003386,8173828.32223626,11.356881959003058,3.2142860664063475,Medium,Formulation B
126,2.268287300669797,6.967403959390489,3.003834669124848,22.580659944944863,14.068283112693283,10.542579530144108,366.72882138585226,41.47891997960897,29.10607655194991,23.060418661796614,3900764.448959986,11.832355394101956,5.387690786130976,Low,Formulation D
127,2.118100280860656,6.7768243767083405,3.0762721160191635,26.98509558367424,12.151280220192756,11.104480705975114,205.04149492347847,38.94381109539447,34.862496212374175,23.66089139571843,76495.44538695179,10.554073987476468,4.476379744692467,Medium,Formulation A
128,1.8514304224117644,6.910497693455509,3.3918025365208613,25.781098158787053,15.964889954160796,12.463184277799028,285.003173280281,49.73961171648276,28.534773782261265,27.94019313842472,6829208.651637123,12.660390162403484,7.390207965684578,Medium,Formulation B
129,2.346708326972526,6.69510146178368,3.513975994611798,21.80208185854397,14.651990581069812,12.340885827682708,218.42670962208587,38.94649183629853,29.40689672503625,27.05709962597225,14464256.127682809,12.421574043330752,4.880417665160403,High,Formulation A
130,2.731694535470384,6.97567370975246,3.695627805289439,23.807579178623477,18.108386923145083,7.755742019950436,255.57536037845776,32.06565415240222,27.915623250492555,29.90010947038178,753399.2537746094,12.018203698112188,5.202824186783705,Low,Formultaion E
131,2.497255795078278,6.44901337901486,3.049598702639026,25.25024093516815,19.847704282824427,11.36311361473777,327.2275642688659,50.04032114410848,32.17512189957297,29.657016219968188,2846479.9855979173,12.711251577706143,5.520040487206753,High,Formulation C
132,2.7835266034012,7.04543996290552,3.222115782765409,24.55237518582256,21.785483275138446,11.063064390302896,152.3662902592414,41.62621365598521,27.59639140285412,24.947620798508204,11686686.032219656,12.872611652848322,4.652030613092441,Medium,Formulation B
133,2.738692933368636,6.533919341869932,3.065363488534986,23.98832699224851,16.344547214456544,10.46391464439112,255.9119218939308,42.41229495533408,30.90171106818181,28.02548127200976,3218303.9417243404,8.827331119657847,5.451131786932447,High,Formultaion E
134,1.6082291189311404,6.648128355207129,3.929457439298581,30.16959665072785,14.88356202380111,14.26657828477339,290.6128843190608,38.619625955119815,31.30491611057024,27.190337739855885,7838666.018369313,10.65874399621587,6.313632485822624,Medium,Formulation D
135,2.6827490154722704,6.792743004151956,3.1978529403548213,27.301275931103174,24.398355291150985,5.764478924143528,227.0197201270597,27.181858645392367,30.11881023408971,28.74380839136701,0.0,12.737625511553306,4.189640453303446,High,Formultaion E
136,2.434901006371589,6.706931507423266,3.677654482890001,31.085573418736267,14.394326222219064,8.886436757261258,236.38059002260547,42.44045914599547,32.110298804924234,27.119009278454467,8177851.867970386,13.39301416615398,2.507077677689804,High,Formulation C
137,2.776323651072332,6.700110143994766,3.201202741584471,28.32601078034329,11.941168677894131,10.9702553134747,275.0384051966703,44.29422445969544,32.082383564315435,26.68653993070148,2364639.736747722,10.981944259143276,4.546085697161054,Medium,Formulation A
138,2.2786213613932964,7.026384698854469,2.4675887527728118,23.874335026190625,19.389615086257702,10.322750760563055,339.4906944195937,42.98575079344499,31.505160094684364,27.51021696192202,7227512.483251149,12.238141064040992,3.3436220930818488,Medium,Formulation D
139,2.9583525680979634,6.574503435769167,3.179213456012884,21.159556793115808,11.289947778034549,11.87255352292449,309.70124121084075,37.711167648801286,31.80120279153452,27.84517577117348,535466.3375167139,13.13843782220981,3.787218482417728,Medium,Formultaion E
140,2.3972800427908934,6.686207425194297,3.933021483881392,17.664952076141518,15.656271479123593,12.890171257573105,216.348741247458,45.147895386571086,31.32468281504441,30.8503641114218,2581534.8538423497,9.561775618259755,6.416550433552198,Medium,Formulation D
141,2.355729977084711,6.770609597974713,3.1275232804768707,22.11976416074138,12.341731715086,11.89864067294203,298.4654535533599,40.65885604303856,33.61585880324376,28.250429482818998,8018760.226276655,11.875803261162812,2.8677165771527693,Medium,Formulation B
142,2.8071035120498413,6.434192033285001,3.418752287792465,29.40122120142391,14.673560390502915,11.553988802947742,257.2462503185895,44.3727053307934,29.23933865546333,26.44748680797485,1086511.6958175208,14.944158874494928,3.952778615186386,High,Formulation D
143,2.860312520120038,7.418018072731177,3.972808686871837,27.33097333648215,18.55790695800216,14.109390548813892,269.44874545433703,43.44720918404585,31.745458705985,27.373185770006625,0.0,11.265539496356354,2.679496193354717,High,Formulation D
144,2.5316753479251406,7.022872652315719,3.213183530996785,22.35579795936736,18.241919330156325,10.131327827973578,338.4280740027568,43.59712205329703,32.9272883666352,24.97492066998074,0.0,14.306789309871888,3.371675949433516,Medium,Formulation B
145,2.7534900648989256,6.952167753543881,2.949414024035966,26.18969526838851,21.375541024304194,12.889907519996642,265.10514098156244,46.75752477625952,27.009930623503877,31.84440216425217,137843.1831076555,12.72965718284956,3.823169078753771,Medium,Formultaion E
146,2.3494299935588354,6.8171484139404,2.8297845582623102,23.16808949816496,18.261632653704243,11.619115433051864,254.5571631715069,42.20563962671512,31.20263410461951,30.588470532026875,4667874.885709795,12.419132770570492,5.051661205761619,Low,Formultaion E
147,2.358711335395871,6.892905088806922,3.216826033082076,26.229812750492385,10.476276237885644,11.075687306224651,223.43933289180708,36.9617822891972,26.51134546635881,26.99310655315857,12561267.1835356,11.927859769273129,4.524827338931761,High,Formulation B
148,2.381264083784038,6.718956840237693,3.400358131697529,18.505775273626305,16.52783240102686,13.73467454070143,308.7076633302029,34.68776135410013,30.87417778652445,26.386305460519427,10302802.927207638,15.072974710151708,2.305127957714109,Low,Formulation D
149,2.5620168946629267,7.027997917222081,2.8940223357654427,19.286022181095547,18.4335102291748,10.52509709192577,245.0791700280171,43.51342170703917,32.91550728778749,26.05581368932784,12260194.519610282,13.901331547144215,4.32284177852319,Low,Formulation B
150,2.262416822453026,6.80993013445289,4.148418241949795,29.95757798779506,20.76747445720996,11.348870092236144,218.04342141678617,47.94750569184767,26.7560917584984,29.4078519783524,11291159.17974347,12.803267075845428,5.345300635245465,Low,Formulation D
151,2.35886852687666,6.875691537714282,3.2253908692364406,24.701152659752506,17.304952371890845,12.010188295893274,150.18538548152182,51.86135182356421,28.69407802562375,29.272300771574024,8990.15857717488,15.306455774072164,5.746198175153258,Low,Formultaion E
152,2.104175145808078,7.084221094195542,2.6173451997281605,20.18833815553492,12.56450858794462,12.265475809869368,240.0491197273014,41.92408101981732,31.7306427747408,27.60564642118261,6975541.476233712,15.457310998160184,4.96819784782758,Low,Formulation B
153,1.5548439307446202,6.743615087553948,2.3968990714046776,23.58582434839374,12.268078303845364,8.941735584890836,221.43700635703604,44.5177515085264,32.22836294646453,26.04833346796805,9985039.01899419,11.87559486186956,6.023506612303176,Low,Formulation A
154,1.7155528119384915,7.064989775225921,3.368455726558952,30.350286859866948,16.90465723403657,10.124107632328696,137.11935355675536,37.19991438549179,28.6755230678935,29.67326225675026,5883899.878024707,12.043652175448116,3.980153031849337,Low,Formulation B
155,3.315924458833559,6.849268610837678,2.883410953315867,26.73147886722495,15.722142106196324,10.430417445404853,264.2559752886604,34.45900577376946,33.29407980770737,26.96524522904792,7094802.881752015,14.473223393225188,6.668723889324043,Medium,Formulation C
156,2.203988815304383,6.7966537223569015,3.1649016624667987,23.451854283066154,15.691513875140338,14.373606026059502,230.56205558819124,45.33311244232924,32.76680966810604,26.59857353851689,6051846.729168948,11.513473144992798,4.554167813212438,High,Formulation D
157,2.1657754701971395,6.614578802051097,3.013243623234166,25.081693226697634,14.58781943837459,12.870988482840646,368.4696773900608,33.281450084858456,35.47410955685895,27.183094270482226,16552113.867848732,13.289992120923504,6.0615420536016815,High,Formultaion E
158,1.8785650856434173,6.867916479046058,4.028316828055201,18.90850098826493,16.779831617048465,11.229300540974464,246.16624045800836,47.10939611229821,32.19419220821758,29.324332068039443,10025490.719650663,11.244334119683836,6.8185992900346255,Low,Formulation C
159,2.7700437174128885,6.605885571355459,2.834534533977953,25.95321303128343,14.6935795215023,10.177409698246972,160.94115110959618,38.35140089726589,26.52377527294836,30.95918509784665,8451354.252876772,12.91374818045519,5.503455564000736,High,Formulation B
160,2.337455644687255,7.035910296598028,2.7892476104782347,24.537312397516747,18.037940637187635,12.80359640979198,345.1190656536737,34.155330169639484,31.02489223442824,26.310935649457907,679267.3202318242,10.773673978670477,2.536985244228222,Low,Formulation B
161,2.451985287413851,6.725390608787345,2.914737473087135,25.597028127047366,18.060100421898937,13.56035221684839,331.83431037515163,34.5824448923103,27.214761459298032,31.163234580223737,7114237.523677135,13.459162106400807,2.472576282574974,Medium,Formulation A
162,2.216365317778528,6.907207801118566,3.7828279194566967,22.005732232716547,18.73030885221516,14.042051410255228,303.41965121767987,38.72387781517373,32.59728170955207,27.898004667891303,2779628.8605691195,10.686391242418226,5.399162989783321,High,Formulation B
163,2.3126984723265247,6.609646005054199,3.170761993726956,21.67892189198469,17.905925896183717,12.078140694574875,350.1762177180032,44.21936926316748,33.186748363133105,30.46302701547048,7637195.92517342,12.70988896877802,6.8578380074808445,Medium,Formultaion E
164,2.7288708340921293,6.73782563844638,4.073530462596997,24.342538670366604,14.303586149510831,13.184692158429575,214.86953558866773,44.4589895497611,31.17847960041346,27.152859666340728,4419178.889407592,12.81009123262442,5.271420342283055,Medium,Formulation C
165,2.641365653342572,6.702255223294922,3.344275726856221,25.06078684517386,13.79934970936633,10.448871967130128,265.6591719788004,42.433230705661074,19.713748205794644,27.49386649658757,10282636.64147881,14.206893144742802,6.308220917867399,Low,Formulation A
166,2.664771355575073,6.839778259870029,3.8149122484888753,30.00233734724758,13.432102160052825,12.866731519422874,239.35042378565817,41.37004162401384,30.54751489460599,29.79581258129076,7209695.419826254,12.3932786044295,3.538314621344419,Medium,Formulation C
167,3.0852033971116795,6.998523869096167,3.433634748586816,20.70025979261272,9.817238479646363,8.65114516642165,185.04848646673184,40.146481254565664,32.83907346074243,27.110732398968853,8123653.905714342,13.045418476852063,6.053439975965701,Medium,Formulation A
168,2.014119907434453,6.566541993423959,3.700729646901771,24.15773700628529,18.88793975880623,14.99736459763952,356.43702313482584,37.322613555303136,31.577007502237613,27.716317149270512,7807182.705306919,11.49943067229336,3.192141062722809,Low,Formulation A
169,2.442578637799014,6.920962439333056,3.005030504616756,27.37430111603664,17.43267182209747,10.960679448647392,276.1044375339263,42.85469075934934,27.68430931236857,27.18221754314613,0.0,11.31552862366842,5.4750908760812695,High,Formulation B
170,2.2837435658361014,6.498222152512784,2.6192622159964114,25.07357118353734,18.38401642225885,12.353296317212424,325.026775937316,45.25934807074395,28.11516031770592,27.579097868214863,6285457.160200791,10.29195814282444,5.110192274786197,Low,Formulation C
171,2.1205594231845053,6.975502904935407,2.8547999645940703,22.3083714349311,12.83335935419442,10.7506223341122,279.96701354699417,46.31019986277192,28.63683358011857,26.775021155965444,1405611.2254632646,12.08423304780166,4.039913064459584,Medium,Formulation B
172,2.4672932544323305,6.876082532450865,3.704861988556326,28.300001015817998,15.703159331758457,13.12831021651768,266.101487818944,42.448507161652,31.66044655199609,30.56808267362211,12424758.436717972,11.61593095057297,4.031288476122684,Medium,Formulation B
173,3.0084173367796327,6.795467876935909,3.654314268402212,29.131799827174238,16.875260678846885,11.544928213636265,272.1125750097166,45.319627353301485,26.955782135372093,29.29451792488648,140795.17384378146,11.268594894261112,5.352525546439266,Medium,Formulation D
174,2.575979714125817,6.858175916678771,2.805823316554325,30.085838341167783,12.629684266043968,7.290849256070087,348.24747998572457,42.32274971089381,32.87699221300672,27.19136538676592,12035015.881074898,10.507313503461308,5.719878153602382,High,Formulation A
175,2.228330259896743,6.889642748725701,3.1996480115059134,22.802372638021364,7.435399261780729,9.4475134695793,338.01715996057897,44.74930970250211,23.20036695258991,28.452328275799463,7485389.576194749,12.92993056987226,5.884263631655881,High,Formulation C
176,2.5969662537711007,6.9647184362158745,3.824186795007126,27.920760500225494,13.035970166196696,14.234062689907134,253.99502415709023,41.95742127847992,25.6700536782496,29.33147938747212,11699206.791759953,12.08464927736842,5.887261521704877,Low,Formulation B
177,3.3437269788609973,6.834669411964403,3.431220033473819,33.055120946040134,13.661453005489324,12.357595054370185,238.76096273804436,37.84345117573137,29.45552507445732,28.003766938536973,4808959.943533232,13.419472294148235,2.978577487771688,Medium,Formulation D
178,2.903321087616116,6.662111694366116,4.145976920539622,27.50049176988918,13.427940153715127,11.054517026798036,244.44764015006075,34.96755551455338,25.67906818936128,25.104545539909257,1752756.670941738,13.13227316682015,7.831467995795034,Medium,Formulation A
179,3.3472848677684697,6.857811550880807,3.167175837433509,24.498611831794864,12.052454031001918,11.87132125927633,271.42112796730186,46.13911428623521,32.18889233737076,29.021336503514803,11490664.967451904,12.808008207976254,4.662645573587917,Low,Formulation A
180,2.0537699184645475,6.71144119902452,3.674308344399257,23.332703021896684,14.422874365446503,13.979021269493964,253.7204736744964,44.0850054879052,28.969195416797504,26.56756462886533,7459229.611599416,11.065248691512211,4.629876994933386,High,Formulation A
181,1.7317500634276002,6.829930840760327,3.4936479568861243,21.947506373400564,12.241429489308562,8.313321046680832,318.478869796572,43.44654375708613,35.408909352491854,26.72963488786147,3917467.42280938,14.44737863095011,5.425678751432047,Low,Formulation B
182,2.605581776950342,6.697422071682883,3.42943898752782,22.71859452596216,14.02687811990293,11.921935521503736,262.44751678060493,40.16826246930021,29.33260338625057,29.787657001090807,4701903.224953231,9.324450139501756,5.539400224969036,Low,Formulation B
183,2.507851237605962,6.5854703801114205,3.567471858438307,28.102001184151398,21.098898774034105,10.520598862070932,250.24853116802348,39.38390154188915,31.747661252671247,29.885496774776787,5510811.654016544,12.253047400818437,5.261745231659971,Medium,Formulation D
184,2.2448678401661337,6.551152856297248,2.88618030146178,26.46061098862656,17.73564854359495,14.037528060007428,297.6593308449833,41.73387472630384,26.638146827788542,26.418992745331355,23534.664227358066,11.0823573082419,7.129983849700521,High,Formulation B
185,2.076855623281125,6.99140621482828,3.60714543429518,28.3060520105403,17.102046208111098,10.100174021751636,243.92909356016327,32.23038524864946,30.354801355816008,24.89505796150477,15573479.209299266,14.147124428993738,6.437601181507126,High,Formulation D
186,2.180102020287881,7.086006776122432,3.527564086090365,27.4928495262655,18.523372399655216,14.019639653616723,165.45607714184075,41.27626961092257,31.40481454123309,23.01366769617131,19530176.529061705,14.12369191536655,5.504607016989341,Low,Formulation C
187,2.9411264229572867,6.996988679182349,3.6015150832042755,29.554628308821883,16.639256920211725,11.258731330154106,246.1055279086401,43.4194707918244,28.526701387828748,27.26112949879476,1501589.53358802,12.957841180077304,3.4532695375084392,Medium,Formulation B
188,2.393869279768822,7.003028349445203,3.446329557366957,28.49501121658201,13.601338330893926,8.55895482712574,283.46372168108394,51.69928241862271,30.150744885868885,27.68576872556299,5959673.768023394,16.836223469237506,8.234256274455143,Medium,Formulation B
189,2.5514995331169734,6.946452390570816,3.445333696500279,21.189186663175484,12.68178485500718,11.93744277248415,324.1034456925675,54.824476815862056,34.33869093229202,30.48059486115362,8867532.856131926,11.91815591138728,3.71309267996474,Low,Formulation D
190,2.0967160874268447,6.821219638733709,3.532125959432542,15.51899686317571,14.675552071863727,10.579455060773633,215.6115446463917,35.15252413430437,31.491956192238867,27.456578088686577,3166621.52953449,12.350092867924358,3.4838118917989744,Low,Formulation C
191,2.747395050217332,6.525126605680861,3.433153345529178,29.803895167897267,18.435930344314773,8.025832692860913,328.0254612387379,38.87588989711272,27.54539995794019,25.865460270784595,4337713.730726049,13.494543620500906,5.256961179283501,Medium,Formulation B
192,2.328755177867251,6.7788039892814185,3.5959315620502053,24.383497002835515,16.635242246087355,12.921575170703044,321.28425686451834,39.94453349408664,29.55074164472924,27.848462895647,2890593.1691323486,11.072200677808627,3.301155591551816,Medium,Formulation B
193,2.7425971352851564,6.80017222178444,3.654944422490225,20.869398148401498,11.840324623082344,10.59892771755992,261.7756674947975,45.395930012290606,31.354334712810463,28.53543007529502,8866820.113198984,12.481745309403324,6.721141175215308,High,Formulation B
194,2.2085833388893654,6.94788989612521,3.500597386057609,31.40454749174613,14.340521116462524,11.446286124917316,256.42121034475014,40.46674156260014,25.18242572454712,29.09814880305707,6724480.93440558,11.812026955445756,3.256522213737392,High,Formulation A
195,2.597782794047785,6.498466497787068,3.0644137281518984,21.99149335839075,15.237269581457667,6.284788487684609,226.0427136796266,43.08202309502079,28.58395653431112,27.936955377876824,5278258.928115785,13.208504029852117,5.32649681492246,Medium,Formulation B
196,1.838298824657276,6.988803079457149,3.0997150576781727,25.35882370693881,20.578755826617137,12.048438944845955,275.5770778473922,34.188509911204164,32.65930138042768,29.621194086837043,14433181.789361143,9.402029271060751,6.731763197887254,Medium,Formulation B
197,2.9382615721389973,6.732916333967251,3.653064059961077,30.51416326275665,15.612125330260737,8.758949978439302,275.1482708685804,43.56127808991647,27.41350463532683,26.99871321104756,14465228.020927094,11.19997157273595,3.875953877152937,High,Formulation C
198,2.6615379143559394,6.701483373575782,3.435517028411321,26.56220826641216,17.939063124704635,9.38670922466755,271.8198091927634,39.536401013575954,31.283297096920435,24.29366082095425,8954161.771257909,12.59861166706142,5.193400317504108,Low,Formulation A
199,2.7539935856977613,6.680210311156055,3.5576566038259223,31.108353108630343,13.132906832592123,12.93526378818694,285.49630480251847,41.97320929863008,27.2489317137472,28.572552744245463,5080228.757038393,10.953009832884607,7.584968095662995,Medium,Formulation B
200,3.175612630317556,6.584653290883519,3.1060521379000074,25.4281964831189,18.522465201255304,11.75628837613451,220.85399332847004,44.75323116099948,30.54702232748836,27.63285230431805,3639488.640247364,14.5766458766464,3.847684561038524,High,Formultaion E
201,2.7081255230227192,6.715056268282103,3.056457062675842,24.03092360039568,15.28468361889938,10.61887685602663,183.7836411755557,44.63880777208514,28.632914055844545,27.37741647068826,0.0,11.789406107628263,6.012854209408787,High,Formulation A
202,2.4750293560321937,6.766988588893519,3.631461857215559,23.729971755505208,18.903846493182893,13.488221487242964,274.3307450073549,38.32913288014992,34.048340842301435,27.364688616760983,944416.650157867,12.800428907594476,4.809345500989861,High,Formulation C
203,1.607608191089928,6.761278258204414,3.1257432900954507,24.273900076297306,17.349069631494554,9.843283063733296,181.35765225628967,45.3546151080376,27.159825329124303,27.31440545629132,693925.9600404473,11.076094955590708,3.59184158648822,Medium,Formulation C
204,2.6100519411098224,6.710810999250017,2.9487628257996605,24.038408369311,14.643634353358692,12.40423530913179,266.1646857634892,43.875418272562655,31.22813045056955,29.50282879332421,6187246.196018424,13.601213300501769,2.844761883246962,High,Formulation C
205,2.34756986592272,6.590330766084262,3.341453560859541,23.52208410322589,13.088609648786838,11.053676508568843,369.0966985006697,38.07420361074931,32.506338345591246,29.50817709974719,3943600.890800162,15.002756209306453,6.107321744230848,High,Formulation B
206,2.8463882915875343,6.862216214294321,3.3354676378075108,23.934244509623586,18.49181534538437,11.142306423117292,340.3617412557812,40.247565409033975,32.37708985265702,30.25273947401097,5257387.984322516,10.587108180588814,7.041959858288704,High,Formulation A
207,1.8827420182811587,6.91733631113082,3.5628540804498874,24.64882526344873,12.8544408446459,9.54213758219181,251.1538263093917,32.63961276923902,30.06986540392817,26.95484127509016,12996966.3022333,11.627045852123125,3.73943781468882,Low,Formulation B
208,2.827973071489677,6.819904525622894,2.7246941085004246,24.67835744881274,14.879277249904314,12.311570708065757,361.6488549836437,37.691912058401634,28.76498885539541,28.526947516626127,13157476.511629973,14.85695281375416,3.594682636071447,Medium,Formulation B
209,1.4299983009499884,6.848515155508862,3.219655375302731,26.3949739169986,17.514841353059996,11.611753496967909,254.0571563735065,39.01515823835128,29.19439433899933,26.90600800537468,4830003.222787159,12.68338842109668,4.732362773842514,High,Formulation C
210,2.101718839463688,7.105452394645054,3.083868311594848,27.51268746972423,15.894183693533154,9.31456415571509,167.28027562503556,45.008570079952,29.55728526586341,27.59964835422185,1497515.3311335202,13.40724552653947,6.592552143319875,Medium,Formulation A
211,2.21439529030712,7.21724009906749,2.4092027050570515,22.84636657820284,18.13834784652185,11.962494004237971,167.28071833734174,39.97228801846982,26.079337253902622,25.95659313682068,0.0,11.23698704056138,4.998475966995464,Low,Formulation D
212,1.8366157151814653,6.984910677452049,3.028301055013724,24.6754271580182,15.565909228385111,11.523186890212186,310.93818155439953,41.865970407914105,30.99434444017221,27.127614370069395,3923237.2973508127,11.13160638297268,5.260572836760008,Medium,Formulation B
213,2.5421139323852304,7.003865312072222,3.825214738986184,25.868232845909212,17.65237857331988,13.95496814348358,268.5237928446917,37.59653067845175,31.868740187452744,27.02031097595132,1050334.9950469015,10.33975124555248,4.7220112889139045,Medium,Formulation D
214,2.1206573623185623,6.418821485169013,2.570554323598729,23.82730402814573,12.671541597289044,10.2011963098623,260.5988654907474,35.42298793245851,32.45372440544166,29.38146941523552,14626640.593844082,11.727218608210904,6.557280646978906,Medium,Formulation A
215,3.201884969743273,6.752115528671274,3.410396253442964,24.60093568501847,21.4271355183434,9.972618681135078,219.88101168584984,45.586449207061904,30.0861537547049,27.0541198657317,8431222.291384738,12.084757157134344,7.166592422913249,Medium,Formulation B
